Track URI,Track Name,Album Name,Artist Name(s),Release Date,Duration (ms),Popularity,Explicit,Genres,Record Label,Danceability,Energy,Loudness,Mode,Speechiness,Acousticness,Instrumentalness,Liveness,Valence,Tempo,Time Signature,Year
spotify:track:3e9HZxeyfWwjeyPAMmWSSQ,thank u next,thank u next,Ariana Grande,2019-02-08,207320,82,True,pop,Republic Records,0.72,0.654,-5.634,1,0.0647,0.227,0.0,0.101,0.411,106.976,4,2019
spotify:track:2Fxmhks0bxGSBdJ92vM42m,bad guy,WHEN WE ALL FALL ASLEEP WHERE DO WE GO?,Billie Eilish,2019-03-29,194087,85,False,,Darkroom/Interscope Records,0.701,0.425,-10.965,1,0.375,0.328,0.13,0.1,0.562,135.128,4,2019
spotify:track:6v3KW9xbzN5yKLt9YKDYA2,Señorita,Shawn Mendes (Deluxe),"Shawn Mendes,Camila Cabello",2019-06-19,190799,83,False,,Island Records,0.759,0.548,-6.049,0,0.0289,0.0379,0.0,0.0828,0.75,116.963,4,2019
spotify:track:6ocbgoVGwYJhOv1GgI9NsF,7 rings,thank u next,Ariana Grande,2019-02-08,178626,86,True,pop,Republic Records,0.777,0.317,-10.732,0,0.308,0.591,0.0,0.0881,0.33,139.848,4,2019
spotify:track:0RiRZpuVRbi7oqRdSMwhQY,Sunflower - Spider-Man: Into the Spider-Verse,Hollywood's Bleeding,"Post Malone,Swae Lee",2019-09-06,157560,85,False,,Republic Records,0.755,0.522,-4.368,1,0.0575,0.533,0.0,0.0685,0.925,89.96,4,2019
spotify:track:2vXKRlJBXyOcvZYTdNeckS,Lost in the Fire (feat. The Weeknd),Hyperion,"Gesaffelstein,The Weeknd",2019-03-08,202093,84,True,,Columbia,0.658,0.671,-12.21,1,0.0364,0.0928,0.000919,0.115,0.165,100.967,4,2019
spotify:track:6FZDfxM3a3UCqtzo5pxSLZ,Without Me,Manic,Halsey,2020-01-17,201660,85,True,,Capitol Records,0.752,0.488,-7.05,1,0.0705,0.293,9.2e-06,0.0936,0.533,136.07,4,2019
spotify:track:0Oqc0kKFsQ6MhFOLBNZIGX,Doin' Time,Norman Fucking Rockwell!,Lana Del Rey,2019-08-30,202192,81,True,,Polydor Records,0.641,0.559,-11.132,0,0.0355,0.404,0.00402,0.0937,0.523,144.982,4,2019
spotify:track:2VxeLyX666F8uXCJ0dZF8B,Shallow,A Star Is Born Soundtrack,"Lady Gaga,Bradley Cooper",2018-10-05,215733,88,False,"art pop,pop",A Star is Born OST,0.577,0.385,-6.362,1,0.03,0.371,0.0,0.231,0.331,95.82,4,2019
spotify:track:4kV4N9D1iKVxx1KLvtTpjS,break up with your girlfriend i'm bored,thank u next,Ariana Grande,2019-02-08,190440,77,True,pop,Republic Records,0.727,0.554,-5.29,0,0.0915,0.0421,0.0,0.106,0.335,170.0,4,2019
spotify:track:7qEHsqek33rTcFNT9PFqLf,Someone You Loved,Divinely Uninspired To A Hellish Extent,Lewis Capaldi,2019-05-17,182160,90,False,soft pop,Vertigo Berlin,0.501,0.405,-5.679,1,0.0319,0.751,0.0,0.105,0.446,109.891,4,2019
spotify:track:6ZRuF2n1CQxyxxAAWsKJOy,Nights Like This (feat. Ty Dolla $ign),While We Wait,"Kehlani,Ty Dolla $ign",2019-02-22,201787,77,True,trap soul,TSNMI / Atlantic,0.61,0.725,-5.131,1,0.15,0.367,0.0,0.154,0.291,146.163,4,2019
spotify:track:0PG9fbaaHFHfre2gUVo7AN,Please Me,Please Me,"Cardi B,Bruno Mars",2019-02-15,200889,82,True,,Atlantic/KSR,0.747,0.57,-6.711,1,0.081,0.0642,0.0,0.0832,0.65,133.992,4,2019
spotify:track:4l0Mvzj72xxOpRrp6h8nHi,Lose You To Love Me,Rare,Selena Gomez,2020-01-10,206458,81,False,,Interscope Records,0.516,0.342,-8.985,1,0.0425,0.55,0.0,0.21,0.0993,102.819,4,2019
spotify:track:0Ryd8975WihbObpp5cPW1t,boyfriend (with Social House),boyfriend,"Ariana Grande,Social House",2019-08-02,186106,81,True,pop,Republic Records,0.4,0.795,-3.731,0,0.461,0.119,0.0,0.159,0.702,190.097,4,2019
spotify:track:43zdsphuZLzwA9k4DJhU0I,when the party's over,WHEN WE ALL FALL ASLEEP WHERE DO WE GO?,Billie Eilish,2019-03-29,196077,88,False,,Darkroom/Interscope Records,0.367,0.111,-14.084,1,0.0972,0.978,3.97e-05,0.0897,0.198,82.642,4,2019
spotify:track:6Qs4SXO9dwPj5GKvVOv8Ki,Dancing With A Stranger (with Normani),Dancing With A Stranger (with Normani),"Sam Smith,Normani",2019-01-11,171029,75,False,soft pop,PLG - Capitol,0.741,0.52,-7.513,1,0.0656,0.447,1.97e-06,0.222,0.347,102.998,4,2019
spotify:track:0rIAC4PXANcKmitJfoqmVm,Motivation,Motivation,Normani,2019-08-16,193837,69,False,,Keep Cool/RCA Records,0.599,0.887,-3.967,1,0.0984,0.0192,1.21e-06,0.3,0.881,170.918,4,2019
spotify:track:2OpBganfGk2GVdSlRdxzaX,Better,Suncity,Khalid,2018-10-19,229320,81,True,,"Right Hand Music Group, LLC/RCA Records",0.695,0.586,-10.315,0,0.0658,0.102,0.317,0.113,0.112,98.035,4,2019
spotify:track:7f5trao56t7sB7f14QDTmp,Juicy,Hot Pink,"Doja Cat,Tyga",2019-11-07,203093,71,True,,Kemosabe Records/RCA Records,0.785,0.652,-2.607,1,0.0668,0.102,0.0,0.0697,0.484,170.024,4,2019
spotify:track:0u2P5u6lvoDfwTYjAADbn4,lovely (with Khalid),lovely (with Khalid),"Billie Eilish,Khalid",2018-04-19,200185,90,False,,Darkroom,0.351,0.296,-10.109,0,0.0333,0.934,0.0,0.095,0.12,115.284,4,2019
spotify:track:5KBARWIxeMGkvUax9VtVC9,My Type,ICY,Saweetie,2019-03-29,126446,74,True,,ICY/Artistry Records/Warner Records,0.899,0.811,-6.294,1,0.258,0.000677,0.0,0.0672,0.587,105.038,4,2019
spotify:track:2bjUEg4jBtKBlPdNrTAppI,Easier,CALM,5 Seconds of Summer,2020-03-27,158098,71,False,,5 Seconds Of Summer/Interscope,0.562,0.46,-4.173,1,0.259,0.476,0.0,0.107,0.623,176.055,4,2019
spotify:track:27rdGxbavYJeBphck5MZAF,Nothing Breaks Like a Heart (feat. Miley Cyrus),Nothing Breaks Like a Heart (feat. Miley Cyrus),"Mark Ronson,Miley Cyrus",2018-11-30,217466,74,False,,Columbia,0.601,0.794,-5.844,0,0.0671,0.00987,1.36e-06,0.388,0.244,114.066,4,2019
spotify:track:6b2RcmUt1g9N9mQ3CbjX2Y,How Do You Sleep?,How Do You Sleep?,Sam Smith,2019-07-19,202204,70,False,soft pop,PLG - Capitol,0.561,0.682,-4.931,0,0.0856,0.153,0.0,0.0763,0.359,165.944,4,2019
spotify:track:1tNJrcVe6gwLEiZCtprs1u,3 Nights,Don't Forget About Me Demos,Dominic Fike,2018-10-16,177666,75,False,,Columbia,0.815,0.518,-6.594,0,0.0897,0.223,0.0,0.104,0.877,151.891,4,2019
spotify:track:7LpMG3AEaIJgs62HQhAa91,i'm so tired...,~how i'm feeling~,"Lauv,Troye Sivan",2020-03-06,162586,74,False,,Lauv,0.548,0.735,-7.572,1,0.236,0.173,0.0,0.195,0.498,101.252,4,2019
spotify:track:2GGMabyHXnJmjY6CXhhB2e,Money,Money,Cardi B,2018-10-23,183527,75,True,,Atlantic/KSR,0.95,0.59,-6.508,0,0.29,0.00534,0.0,0.11,0.219,130.003,4,2019
spotify:track:5PYQUBXc7NYeI1obMKSJK0,Never Really Over,Never Really Over,Katy Perry,2019-05-31,223523,71,False,pop,Capitol Records,0.77,0.882,-4.792,1,0.0602,0.194,0.0,0.316,0.385,99.991,4,2019
spotify:track:1dGr1c8CrMLDpV6mPbImSI,Lover,Lover,Taylor Swift,2019-08-23,221306,87,False,,Taylor Swift,0.359,0.543,-7.582,1,0.0919,0.492,1.58e-05,0.118,0.453,68.534,4,2019
spotify:track:3HWzoMvoF3TQfYg4UPszDq,Truth Hurts,Cuz I Love You (Super Deluxe),Lizzo,2019-04-19,173325,74,True,,Nice Life/Atlantic,0.715,0.624,-3.046,0,0.114,0.11,0.0,0.123,0.412,158.087,4,2019
spotify:track:6TqXcAFInzjp0bODyvrWEq,Talk (feat. Disclosure),Free Spirit,"Khalid,Disclosure",2019-04-05,197573,74,False,house,"Right Hand Music Group, LLC/RCA Records",0.9,0.4,-8.575,1,0.127,0.0516,0.0,0.0599,0.346,135.984,4,2019
spotify:track:4SSnFejRGlZikf02HLewEF,bury a friend,WHEN WE ALL FALL ASLEEP WHERE DO WE GO?,Billie Eilish,2019-03-29,193143,78,False,,Darkroom/Interscope Records,0.905,0.389,-14.505,1,0.332,0.74,0.162,0.106,0.196,120.046,4,2019
spotify:track:073ILU1C3APNRGF66VhtyA,Liar,Romance,Camila Cabello,2019-12-06,207038,66,False,,Syco Music/Epic,0.74,0.498,-6.684,0,0.0456,0.0169,0.00282,0.319,0.652,98.016,4,2019
spotify:track:6QQtHdz4PNJWQX4nrAQGC9,Slide Away,SHE IS COMING,Miley Cyrus,2019-05-31,233654,69,False,,RCA/Legacy,0.534,0.538,-6.673,1,0.0327,0.173,2.82e-06,0.248,0.289,148.016,4,2019
spotify:track:22vgEDb5hykfaTwLuskFGD,Sucker,Happiness Begins,Jonas Brothers,2019-06-07,181026,83,False,,Jonas Brothers Recording,0.842,0.734,-5.065,0,0.0588,0.0427,0.0,0.106,0.952,137.958,4,2019
spotify:track:5WHTFyqSii0lmT9R21abT8,Don't Call Me Up,Ivy To Roses (Mixtape),Mabel,2019-01-18,178480,76,False,,Polydor Records,0.674,0.881,-2.853,1,0.147,0.296,3.01e-06,0.0793,0.234,98.994,4,2019
spotify:track:1BxfuPKGuaTgP7aM0Bbdwr,Cruel Summer,Lover,Taylor Swift,2019-08-23,178426,92,False,,Taylor Swift,0.552,0.702,-5.707,1,0.157,0.117,2.06e-05,0.105,0.564,169.994,4,2019
spotify:track:2qxmye6gAegTMjLKEBoR3d,Let Me Down Slowly,Narrated For You,Alec Benjamin,2018-11-16,169353,84,False,,2018,0.652,0.557,-5.714,0,0.0318,0.74,0.0,0.124,0.483,150.073,4,2019
spotify:track:6LsAAHotRLMOHfCsSfYCsz,If I Can't Have You,If I Can't Have You,Shawn Mendes,2019-05-03,190800,69,False,,Island Records,0.69,0.809,-4.198,1,0.0603,0.524,0.0,0.147,0.864,123.912,4,2019
spotify:track:7dt6x5M1jzdTEt8oCbisTK,Better Now,beerbongs & bentleys,Post Malone,2018-04-27,231266,83,True,,Republic Records,0.674,0.578,-5.804,1,0.0408,0.331,0.0,0.135,0.34,145.07,4,2019
spotify:track:6ImEBuxsbuTowuHmg3Z2FO,Mad Love,High Expectations,Mabel,2019-08-02,169813,65,False,,Polydor Records,0.623,0.796,-2.981,0,0.199,0.659,0.0,0.115,0.607,197.524,4,2019
spotify:track:6RRNNciQGZEXnqk8SQ9yv5,You Need To Calm Down,Lover,Taylor Swift,2019-08-23,171360,80,False,,Taylor Swift,0.771,0.671,-5.617,1,0.0553,0.00929,0.0,0.0637,0.714,85.026,4,2019
spotify:track:7DnAm9FOTWE3cUvso43HhI,Sweet but Psycho,Heaven & Hell,Ava Max,2020-09-18,187436,84,False,,Atlantic Records,0.72,0.706,-4.719,1,0.0473,0.0684,0.0,0.166,0.62,133.002,4,2019
spotify:track:4a9tbd947vo9K8Vti9JwcI,Boy With Luv (feat. Halsey),MAP OF THE SOUL : PERSONA,"BTS,Halsey",2019-04-12,229773,80,False,k-pop,BIGHIT MUSIC,0.645,0.862,-4.761,0,0.0845,0.0933,0.0,0.193,0.803,119.947,4,2019
spotify:track:7xQAfvXzm3AkraOtGPWIZg,Wow.,Hollywood's Bleeding,Post Malone,2019-09-06,149546,80,True,,Republic Records,0.829,0.538,-7.359,0,0.212,0.137,1.88e-06,0.103,0.389,99.952,4,2019
spotify:track:6WrI0LAC5M1Rw2MnX2ZvEg,Don't Start Now,Don't Start Now,Dua Lipa,2019-10-31,183290,77,False,pop,Warner Records,0.794,0.793,-4.521,0,0.0842,0.0125,0.0,0.0952,0.677,123.941,4,2019
spotify:track:6KgBpzTuTRPebChN0VTyzV,Good as Hell,Cuz I Love You (Super Deluxe),Lizzo,2019-04-17,159735,73,False,,Nice Life/Atlantic,0.682,0.919,-3.18,0,0.0875,0.256,0.0,0.442,0.535,95.982,4,2019
spotify:track:4Of7rzpRpV1mWRbhp5rAqG,Bruises,Divinely Uninspired To A Hellish Extent,Lewis Capaldi,2019-05-17,220492,82,False,soft pop,Vertigo Berlin,0.736,0.308,-7.83,1,0.0677,0.946,0.0,0.186,0.361,111.202,4,2019
spotify:track:56JyMaElW79S7TDWh1Zw1m,On A Roll,On A Roll,Ashley O,2019-06-14,154447,55,False,,RCA Records Label,0.736,0.81,-6.354,1,0.0906,0.077,0.0,0.0523,0.387,125.011,4,2019
spotify:track:4LEK9rD7TWIG4FCL1s27XC,cardigan,folklore,Taylor Swift,2020-07-24,239560,52,False,,Taylor Swift,0.613,0.581,-8.588,0,0.0424,0.537,0.000345,0.25,0.551,130.033,4,2020
spotify:track:7eJMfftS33KTjuF7lTsMCx,death bed (coffee for your head),death bed (coffee for your head),"Powfu,beabadoobee",2020-02-08,173333,84,False,bedroom pop,Columbia,0.726,0.431,-8.765,0,0.135,0.731,0.0,0.696,0.348,144.026,4,2020
spotify:track:0nbXyq5TXYPCO7pr3N8S4I,The Box,Please Excuse Me for Being Antisocial,Roddy Ricch,2019-12-06,196652,85,True,melodic rap,Atlantic Records,0.896,0.586,-6.687,0,0.0559,0.104,0.0,0.79,0.642,116.971,4,2020
spotify:track:0sf12qNH5qcw8qpgymFOqD,Blinding Lights,Blinding Lights,The Weeknd,2019-11-29,201573,26,False,,Republic Records,0.512,0.796,-4.075,1,0.0645,0.00147,0.000209,0.0938,0.344,171.014,4,2020
spotify:track:696DnlkuDOXcMAnKlTgXXK,ROXANNE,ROXANNE,Arizona Zervas,2019-10-10,163636,77,True,,Arizona Zervas,0.621,0.601,-5.616,0,0.148,0.0522,0.0,0.46,0.457,116.735,5,2020
spotify:track:7igeByaBM0MgGsgXtNxDJ7,positions,positions,Ariana Grande,2020-10-23,172324,2,True,pop,Republic Records,0.736,0.802,-4.759,1,0.0864,0.468,0.0,0.094,0.675,144.005,4,2020
spotify:track:3Dv1eDb0MEgF93GpLXlucZ,Say So,Hot Pink,Doja Cat,2019-11-07,237893,79,True,,Kemosabe Records/RCA Records,0.787,0.673,-4.583,0,0.159,0.264,3.35e-06,0.0904,0.779,110.962,4,2020
spotify:track:6UelLqGlWMcVH1E5c4H7lY,Watermelon Sugar,Fine Line,Harry Styles,2019-12-13,174000,88,False,,Columbia,0.548,0.816,-4.209,1,0.0465,0.122,0.0,0.335,0.557,95.39,4,2020
spotify:track:6WrI0LAC5M1Rw2MnX2ZvEg,Don't Start Now,Don't Start Now,Dua Lipa,2019-10-31,183290,77,False,pop,Warner Records,0.794,0.793,-4.521,0,0.0842,0.0125,0.0,0.0952,0.677,123.941,4,2020
spotify:track:3ZCTVFBt2Brf31RLEnCkWJ,everything i wanted,everything i wanted,Billie Eilish,2019-11-13,245425,86,False,,Darkroom/Interscope Records,0.704,0.225,-14.454,0,0.0994,0.902,0.657,0.106,0.243,120.006,4,2020
spotify:track:3hUxzQpSfdDqwM3ZTFQY0K,august,folklore,Taylor Swift,2020-07-24,261922,87,False,,Taylor Swift,0.532,0.623,-9.208,1,0.0331,0.538,7.28e-05,0.0925,0.403,89.937,4,2020
spotify:track:1tkg4EHVoqnhR6iFEXb60y,What You Know Bout Love,Shoot For The Stars Aim For The Moon,Pop Smoke,2020-07-03,160000,80,True,"brooklyn drill,drill,new york drill",Victor Victor Worldwide,0.709,0.548,-8.493,1,0.353,0.65,1.59e-06,0.133,0.543,83.995,4,2020
spotify:track:47EiUVwUp4C9fGccaPuUCS,DÁKITI,DÁKITI,"Bad Bunny,JHAYCO",2020-10-30,205090,82,True,"reggaeton,trap latino,urbano latino,latin",Rimas Entertainment LLC,0.731,0.573,-10.059,0,0.0544,0.401,5.22e-05,0.113,0.145,109.928,4,2020
spotify:track:4Oun2ylbjFKMPTiaSbbCih,WAP (feat. Megan Thee Stallion),WAP (feat. Megan Thee Stallion),"Cardi B,Megan Thee Stallion",2020-08-07,187541,80,True,,Atlantic/KSR,0.935,0.454,-7.509,1,0.375,0.0194,0.0,0.0824,0.357,133.073,4,2020
spotify:track:7ytR5pFWmSjzHJIeQkgog4,ROCKSTAR (feat. Roddy Ricch),BLAME IT ON BABY,"DaBaby,Roddy Ricch",2020-04-17,181733,78,True,melodic rap,South Coast Music Group/Interscope Records,0.746,0.69,-7.956,1,0.164,0.247,0.0,0.101,0.497,89.977,4,2020
spotify:track:22LAwLoDA5b4AaGSkg6bKW,Blueberry Faygo,Certified Hitmaker,Lil Mosey,2020-02-06,162546,76,True,melodic rap,Mogul Vision/Interscope Records,0.774,0.554,-7.909,1,0.0383,0.207,0.0,0.132,0.349,99.034,4,2020
spotify:track:3tjFYV6RSFtuktYl3ZtYcq,Mood (feat. iann dior),Mood (feat. iann dior),"24kGoldn,iann dior",2020-07-24,140525,9,True,melodic rap,Records/Columbia,0.7,0.722,-3.558,0,0.0369,0.221,0.0,0.272,0.756,90.989,4,2020
spotify:track:24ySl2hOPGCDcxBxFIqWBu,Rain On Me (with Ariana Grande),Rain On Me (with Ariana Grande),"Lady Gaga,Ariana Grande",2020-05-22,182200,73,False,"art pop,pop",Interscope Records,0.672,0.855,-3.764,1,0.0397,0.021,0.0,0.323,0.646,123.056,4,2020
spotify:track:0v1x6rN6JHRapa03JElljE,Dynamite,Dynamite,BTS,2020-08-21,199053,3,False,k-pop,2020 BigHit Entertainment,0.746,0.765,-4.41,0,0.0993,0.0112,0.0,0.0936,0.737,114.044,4,2020
spotify:track:7a53HqqArd4b9NF4XAmlbI,Kings & Queens,Heaven & Hell,Ava Max,2020-09-18,162398,85,False,,Atlantic Records,0.637,0.69,-4.057,0,0.0405,0.00786,0.0,0.124,0.457,129.857,4,2020
spotify:track:3jjujdWJ72nww5eGnfs2E7,Adore You,Fine Line,Harry Styles,2019-12-13,207133,84,False,,Columbia,0.676,0.771,-3.675,1,0.0483,0.0237,7e-06,0.102,0.569,99.048,4,2020
spotify:track:1daDRI9ahBonbWD8YcxOIB,Angels Like You,Plastic Hearts,Miley Cyrus,2020-11-27,196453,86,False,,RCA Records Label,0.672,0.642,-4.035,1,0.0313,0.0981,0.0,0.1,0.494,121.981,4,2020
spotify:track:26XaOsDMbl0e1cVKYfkz6w,Falling,Falling,Trevor Daniel,2018-10-05,159381,71,False,,Alamo,0.785,0.431,-8.756,0,0.0364,0.123,0.0,0.0887,0.236,127.085,4,2020
spotify:track:2DQNYMRjisN3KAPj1bEwOI,Lemonade (feat. Gunna Don Toliver & NAV),B4 The Storm,"Internet Money,Gunna,Don Toliver,NAV",2020-08-29,195428,0,True,melodic rap,Internet Money Records/ TenThousand Projects,0.8,0.658,-6.142,0,0.079,0.25,0.0,0.111,0.462,140.042,4,2020
spotify:track:6jRq8gaZhMUyy5RclRPcAf,hot girl bummer,everything means nothing,blackbear,2020-08-21,188343,78,True,,Alamo,0.782,0.559,-7.106,0,0.0767,0.125,0.0,0.385,0.685,129.992,1,2020
spotify:track:6bnF93Rx87YqUBLSgjiMU8,Heartless,After Hours,The Weeknd,2020-03-20,198266,81,True,,Republic Records,0.537,0.746,-5.507,0,0.15,0.0236,1e-06,0.156,0.252,170.083,4,2020
spotify:track:127QTOFJsJQp5LbJbu3A1y,Toosie Slide,Toosie Slide,Drake,2020-04-03,247058,73,True,rap,OVO,0.834,0.454,-9.75,0,0.201,0.321,6.15e-06,0.114,0.837,81.618,4,2020
spotify:track:5RqR4ZCCKJDcBLIn4sih9l,Party Girl,Party Girl,StaySolidRocky,2020-04-21,147800,72,True,,Columbia,0.728,0.431,-9.966,0,0.0622,0.749,0.0,0.0996,0.629,130.022,4,2020
spotify:track:2b8fOow8UzyDFAE27YhOZM,Memories,Memories,Maroon 5,2019-09-20,189486,35,False,pop,222 Records/Interscope Records,0.764,0.32,-7.209,1,0.0546,0.837,0.0,0.0822,0.575,91.019,4,2020
spotify:track:4HBZA5flZLE435QTztThqH,Stuck with U (with Justin Bieber),Stuck with U,"Ariana Grande,Justin Bieber",2020-05-08,228482,82,False,pop,"Ariana Grande & Justin Bieber Stuck With U""- Charity""",0.597,0.45,-6.658,1,0.0418,0.223,0.0,0.382,0.537,178.765,3,2020
spotify:track:4xqrdfXkTW4T0RauPLv3WA,Heather,Kid Krow,Conan Gray,2020-03-20,198040,87,False,,Republic Records,0.357,0.425,-7.301,1,0.0333,0.584,0.0,0.322,0.27,102.078,3,2020
spotify:track:4umIPjkehX1r7uhmGvXiSV,Intentions (feat. Quavo),Changes,"Justin Bieber,Quavo",2020-02-14,212866,78,False,,RBMG/Def Jam,0.806,0.546,-6.637,1,0.0579,0.298,0.0,0.102,0.875,147.988,4,2020
spotify:track:3VyjsVV24RmBIbWJAeUJNu,No Idea,No Idea,Don Toliver,2019-05-29,154424,1,False,,Cactus Jack / Atlantic,0.651,0.631,-5.717,0,0.0896,0.519,0.000579,0.165,0.35,127.994,4,2020
spotify:track:5yY9lUy8nbvjM1Uyo1Uqoc,Life Is Good (feat. Drake),Life Is Good (feat. Drake),"Future,Drake",2020-01-10,237735,75,True,rap,Epic/Freebandz,0.676,0.609,-5.831,0,0.481,0.0706,0.0,0.152,0.508,142.037,4,2020
spotify:track:3eekarcy7kvN4yt5ZFzltW,HIGHEST IN THE ROOM,HIGHEST IN THE ROOM,Travis Scott,2019-10-04,175720,87,True,rap,Cactus Jack/Epic,0.598,0.427,-8.764,0,0.0317,0.0546,5.83e-06,0.21,0.0605,76.469,4,2020
spotify:track:2Wo6QQD1KMDWeFkkjLqwx5,Roses - Imanbek Remix,Roses (Imanbek Remix),"SAINt JHN,Imanbek",2019-09-13,176218,11,True,slap house,HITCO,0.785,0.721,-5.457,1,0.0506,0.0149,0.00432,0.285,0.894,121.962,4,2020
spotify:track:45bE4HXI0AwGZXfZtMp8JR,you broke me first,you broke me first,Tate McRae,2020-04-17,169265,9,True,,RCA Records Label,0.667,0.373,-9.389,1,0.05,0.785,0.0,0.0906,0.0823,124.148,4,2020
spotify:track:1Cv1YLb4q0RzL6pybtaMLo,Sunday Best,Where the Light Is,Surfaces,2019-01-06,158571,9,False,,"Surfaces, LLC / TenThousand Projects, LLC",0.878,0.525,-6.832,1,0.0578,0.183,0.0,0.0714,0.694,112.022,4,2020
spotify:track:3hxIUxnT27p5WcmjGUXNwx,Shut up My Moms Calling,Shut up My Moms Calling,Hotel Ugly,2020-02-10,164571,88,False,,"Hotel Ugly, under exclusive license to Amuseio AB",0.485,0.409,-10.711,0,0.101,0.325,0.0,0.103,0.376,138.419,4,2020
spotify:track:41L3O37CECZt3N7ziG2z7l,Yummy,Yummy,Justin Bieber,2020-01-03,210426,68,False,,RBMG/Def Jam,0.688,0.514,-6.612,0,0.0903,0.366,0.0,0.116,0.494,145.919,4,2020
spotify:track:5v4GgrXPMghOnBBLmveLac,Savage Remix (feat. Beyoncé),Savage Remix (feat. Beyoncé),"Megan Thee Stallion,Beyoncé",2020-04-29,242000,64,True,,300 Entertainment,0.822,0.743,-4.772,0,0.28,0.016,0.0,0.127,0.636,84.459,4,2020
spotify:track:3vAn0qZzdyuHamcrpkfiX3,How You Like That,How You Like That,BLACKPINK,2020-06-26,181263,0,False,k-pop,YG Entertainment/Interscope Records,0.828,0.782,-4.014,1,0.0918,0.0694,3.41e-05,0.0544,0.351,130.013,4,2020
spotify:track:5GkQIP5mWPi4KZLLXeuFTT,motive (with Doja Cat),Positions,"Ariana Grande,Doja Cat",2020-10-30,167989,74,True,pop,Republic Records,0.789,0.742,-5.664,0,0.0652,0.0681,0.0,0.166,0.661,116.965,4,2020
spotify:track:2Z8yfpFX0ZMavHkcIeHiO1,Monster (Shawn Mendes & Justin Bieber),Monster,"Shawn Mendes,Justin Bieber",2020-11-20,178994,69,False,,Shawn Mendes LP4-5 PS/ Island,0.652,0.383,-7.076,0,0.0516,0.0676,0.0,0.0828,0.549,145.765,4,2020
spotify:track:1raaNykBg1bDnWENUiglUA,Break My Heart,Break My Heart,Dua Lipa,2020-03-25,221820,62,False,pop,Warner Records,0.73,0.729,-3.434,0,0.0886,0.167,1.39e-06,0.349,0.467,113.012,4,2020
spotify:track:7k4t7uLgtOxPwTpFmtJNTY,Tusa,Tusa,"KAROL G,Nicki Minaj",2019-11-07,200960,77,True,"reggaeton,latin,urbano latino",TUSA - Karol G & Nicki Minaj,0.803,0.715,-3.28,1,0.298,0.295,0.000134,0.0574,0.574,101.085,4,2020
spotify:track:1yoMvmasuxZfqHEipJhRbp,Hawái,PAPI JUANCHO,Maluma,2020-08-21,199112,84,False,"reggaeton,latin,urbano latino",Sony Music Latin,0.783,0.727,-3.454,0,0.389,0.185,2.46e-05,0.0626,0.558,180.067,4,2020
spotify:track:0EhpEsp4L0oRGM0vmeaN5e,UN DIA (ONE DAY) (Feat. Tainy),UN DIA (ONE DAY) (Feat. Tainy),"J Balvin,Dua Lipa,Bad Bunny,Tainy",2020-07-24,232253,73,False,"reggaeton,latin,pop,trap latino,urbano latino",Universal Music Latino/ NEON16,0.571,0.693,-8.234,0,0.0545,0.00536,0.0,0.173,0.393,168.169,4,2020
spotify:track:6J2LdBN97cDWn0MLxYh9HB,July,THE END OF EVERYTHING,Noah Cyrus,2020-05-15,156106,82,False,,Records/Columbia,0.708,0.186,-8.953,0,0.042,0.868,0.0,0.0779,0.322,72.541,4,2020
spotify:track:4pvb0WLRcMtbPGmtejJJ6y,exile (feat. Bon Iver),folklore,"Taylor Swift,Bon Iver",2020-07-24,285634,82,False,,Taylor Swift,0.298,0.38,-8.426,1,0.0287,0.778,5.62e-05,0.11,0.152,75.602,4,2020
spotify:track:4RVwu0g32PAqgUiJoXsdF8,Happier Than Ever,Happier Than Ever,Billie Eilish,2021-07-30,298899,87,True,,Darkroom/Interscope Records,0.332,0.225,-8.697,1,0.0348,0.767,0.00349,0.128,0.297,81.055,3,2021
spotify:track:61KpQadow081I2AsbeLcsb,deja vu,deja vu,Olivia Rodrigo,2021-04-01,215507,14,True,,Olivia Rodrigo PS,0.439,0.61,-7.236,1,0.116,0.593,1.07e-05,0.341,0.172,181.088,4,2021
spotify:track:3YJJjQPAbDT7mGpX3WtQ9A,Good Days,Good Days,SZA,2020-12-25,279204,78,True,r&b,Top Dawg Entertainment/RCA Records,0.436,0.655,-8.37,0,0.0583,0.499,8.1e-06,0.688,0.412,121.002,4,2021
spotify:track:5HCyWlXZPP0y6Gqq8TgA20,STAY (with Justin Bieber),STAY (with Justin Bieber),"The Kid LAROI,Justin Bieber",2021-07-09,141805,83,True,,Columbia,0.591,0.764,-5.484,1,0.0483,0.0383,0.0,0.103,0.478,169.928,4,2021
spotify:track:37BZB0z9T8Xu7U3e65qxFy,Save Your Tears (with Ariana Grande) (Remix),Save Your Tears (Remix),"The Weeknd,Ariana Grande",2021-04-23,191013,81,False,pop,Republic Records,0.65,0.825,-4.645,1,0.0325,0.0215,2.44e-05,0.0936,0.593,118.091,4,2021
spotify:track:748mdHapucXQri7IAO8yFK,Kiss Me More (feat. SZA),Kiss Me More (feat. SZA),"Doja Cat,SZA",2021-04-09,208866,21,True,r&b,Kemosabe Records/RCA Records,0.762,0.701,-3.541,1,0.0286,0.235,0.000158,0.123,0.742,110.968,4,2021
spotify:track:6PERP62TejQjgHu81OHxgM,good 4 u,good 4 u,Olivia Rodrigo,2021-05-14,178147,24,True,,Olivia Rodrigo PS,0.556,0.661,-5.052,0,0.204,0.3,0.0,0.101,0.668,168.56,4,2021
spotify:track:3Wrjm47oTz2sjIgck11l5e,Beggin',Chosen,Måneskin,2017-12-08,211560,87,False,,RCA Records Label,0.714,0.8,-4.808,0,0.0504,0.127,0.0,0.359,0.589,134.002,4,2021
spotify:track:7MAibcTli4IisCtbHKrGMh,Leave The Door Open,Leave The Door Open,"Bruno Mars,Anderson .Paak,Silk Sonic",2021-03-05,242096,6,False,,Aftermath Entertainment/Atlantic,0.586,0.616,-7.964,1,0.0324,0.182,0.0,0.0927,0.719,148.088,4,2021
spotify:track:4iJyoBOLtHqaGxP12qzhQI,Peaches (feat. Daniel Caesar & Giveon),Justice,"Justin Bieber,Daniel Caesar,GIVĒON",2021-03-19,198081,83,True,r&b,RBMG/Def Jam,0.677,0.696,-6.181,1,0.119,0.321,0.0,0.42,0.464,90.03,4,2021
spotify:track:7lPN2DXiMsVn7XUKtOW1CS,drivers license,drivers license,Olivia Rodrigo,2021-01-08,242013,26,True,,Olivia Rodrigo PS,0.585,0.436,-8.761,1,0.0601,0.721,1.31e-05,0.105,0.132,143.874,4,2021
spotify:track:3FAJ6O0NOHQV8Mc5Ri6ENp,Heartbreak Anniversary,TAKE TIME,GIVĒON,2020-03-27,198370,80,False,r&b,Epic/Not So Fast,0.449,0.465,-8.964,1,0.0791,0.524,1.02e-06,0.303,0.543,89.087,3,2021
spotify:track:67BtfxlNbhBmCDR2L2l8qd,MONTERO (Call Me By Your Name),MONTERO (Call Me By Your Name),Lil Nas X,2021-03-31,137875,73,True,,Columbia,0.61,0.508,-6.682,0,0.152,0.297,0.0,0.384,0.758,178.818,4,2021
spotify:track:6Im9k8u9iIzKMrmV7BWtlF,34+35,Positions,Ariana Grande,2020-10-30,173710,79,True,pop,Republic Records,0.83,0.585,-6.476,1,0.094,0.237,0.0,0.248,0.485,109.978,4,2021
spotify:track:6Uj1ctrBOjOas8xZXGqKk4,Woman,Planet Her,Doja Cat,2021-06-25,172626,84,True,,Kemosabe Records/RCA Records,0.824,0.764,-4.175,0,0.0854,0.0888,0.00294,0.117,0.881,107.998,4,2021
spotify:track:463CkQjx2Zk1yXoBuierM9,Levitating (feat. DaBaby),Levitating (feat. DaBaby),"Dua Lipa,DaBaby",2020-10-01,203064,71,False,pop,Warner Records,0.702,0.825,-3.787,0,0.0601,0.00883,0.0,0.0674,0.915,102.977,4,2021
spotify:track:6tDDoYIxWvMLTdKpjFkc1B,telepatía,Sin Miedo (del Amor y Otros Demonios) ∞,Kali Uchis,2020-12-04,160191,86,False,,EMI / Interscope,0.653,0.524,-9.016,0,0.0502,0.112,0.0,0.203,0.553,83.97,4,2021
spotify:track:0gplL1WMoJ6iYaPgMCL0gX,Easy On Me,Easy On Me,Adele,2021-10-14,224694,81,False,soft pop,Columbia,0.604,0.366,-7.519,1,0.0282,0.578,0.0,0.133,0.13,141.981,4,2021
spotify:track:5enxwA8aAbwZbf5qCHORXi,All Too Well (10 Minute Version) (Taylor's Version) (From The Vault),Red (Taylor's Version),Taylor Swift,2021-11-12,613026,83,True,,Taylor Swift,0.631,0.518,-8.771,1,0.0303,0.274,0.0,0.088,0.205,93.023,4,2021
spotify:track:3UoULw70kMsiVXxW0L3A33,pov,Positions,Ariana Grande,2020-10-30,201882,76,False,pop,Republic Records,0.487,0.534,-5.664,0,0.0555,0.36,0.0,0.1,0.173,131.798,4,2021
spotify:track:4S4QJfBGGrC8jRIjJHf1Ka,Pain,to hell with it,PinkPantheress,2021-10-15,98544,86,False,bedroom pop,Parlophone UK,0.829,0.617,-8.497,1,0.14,0.227,0.00306,0.0618,0.81,125.605,4,2021
spotify:track:60ynsPSSKe6O3sfwRnIBRf,Streets,Hot Pink,Doja Cat,2019-11-07,226986,85,True,,Kemosabe Records/RCA Records,0.749,0.463,-8.433,1,0.0842,0.21,0.0382,0.338,0.189,90.035,4,2021
spotify:track:6PQ88X9TkUIAUIZJHW2upE,Bad Habits,Bad Habits,Ed Sheeran,2021-06-25,231041,13,False,soft pop,Atlantic Records UK,0.808,0.897,-3.712,0,0.0348,0.0469,3.14e-05,0.364,0.591,126.026,4,2021
spotify:track:0lx2cLdOt3piJbcaXIV74f,willow,evermore,Taylor Swift,2020-12-11,214706,77,False,,Taylor Swift,0.392,0.574,-9.195,1,0.17,0.833,0.00179,0.145,0.529,81.112,4,2021
spotify:track:3VqeTFIvhxu3DIe4eZVzGq,Butter,Butter,BTS,2021-05-21,164441,4,False,k-pop,BIGHIT MUSIC / HYBE,0.759,0.459,-5.187,1,0.0948,0.00323,0.0,0.0906,0.695,109.997,4,2021
spotify:track:3Ofmpyhv5UAQ70mENzB277,Astronaut In The Ocean,Astronaut In The Ocean,Masked Wolf,2021-01-06,132780,74,True,,Elektra (NEK),0.778,0.695,-6.865,0,0.0913,0.175,0.0,0.15,0.472,149.996,4,2021
spotify:track:40iJIUlhi6renaREYGeIDS,Fair Trade (with Travis Scott),Certified Lover Boy,"Drake,Travis Scott",2021-09-03,291175,82,True,rap,OVO,0.666,0.465,-8.545,1,0.26,0.0503,0.0,0.215,0.292,167.937,4,2021
spotify:track:4pt5fDVTg5GhEvEtlz9dKk,I WANNA BE YOUR SLAVE,Teatro d'ira - Vol. I,Måneskin,2021-03-19,173346,85,True,,RCA Records Label,0.75,0.608,-4.008,1,0.0387,0.00165,0.0,0.178,0.958,132.507,4,2021
spotify:track:10hcDov7xmcRviA8jLwEaI,Need to Know,Need to Know,Doja Cat,2021-06-11,210560,6,True,,Kemosabe Records/RCA Records,0.664,0.609,-6.509,1,0.0707,0.304,0.0,0.0926,0.194,130.041,4,2021
spotify:track:2Xr1dTzJee307rmrkt8c0g,love nwantiti (ah ah ah),CKay The First,CKay,2019-08-30,145800,80,True,"afrobeats,afrobeat,afro r&b,afropop",Chocolate City Music,0.727,0.739,-3.805,1,0.0411,0.365,0.00137,0.161,0.533,93.005,4,2021
spotify:track:5JCoSi02qi3jJeHdZXMmR8,favorite crime,SOUR,Olivia Rodrigo,2021-05-21,152666,85,False,,Olivia Rodrigo PS,0.369,0.272,-10.497,1,0.0364,0.866,0.0,0.147,0.218,172.929,4,2021
spotify:track:3FeVmId7tL5YN8B7R3imoM,My Universe,My Universe,"Coldplay,BTS",2021-09-24,228000,78,False,k-pop,Parlophone UK,0.588,0.701,-6.39,1,0.0402,0.00813,0.0,0.2,0.443,104.988,4,2021
spotify:track:7hU3IHwjX150XLoTVmjD0q,MONEY,LALISA,LISA,2021-09-10,168227,76,True,k-pop,YG Entertainment/Interscope Records,0.831,0.554,-9.998,0,0.218,0.161,6.12e-05,0.152,0.396,140.026,4,2021
spotify:track:5Z9KJZvQzH6PFmb8SNkxuk,INDUSTRY BABY (feat. Jack Harlow),MONTERO,"Lil Nas X,Jack Harlow",2021-09-17,212352,77,True,,Columbia,0.741,0.691,-7.395,0,0.0672,0.0221,0.0,0.0476,0.892,150.087,4,2021
spotify:track:0RbW8kWozrVSIGb4V13o0o,Hurricane,Donda,Kanye West,2021-08-29,243187,6,False,rap,Rock The World/IDJ/Kanye LP7,0.587,0.561,-6.569,1,0.146,0.0466,0.0,0.109,0.351,80.009,4,2021
spotify:track:4u4NyuceXP7Uzh7XFJKCr1,Hold On,Hold On,Justin Bieber,2021-03-05,170813,69,False,,RBMG/Def Jam,0.658,0.634,-5.797,0,0.0413,0.0106,0.0,0.132,0.29,139.98,4,2021
spotify:track:4fSIb4hdOQ151TILNsSEaF,Todo De Ti,Todo De Ti,Rauw Alejandro,2021-05-20,199604,76,True,"reggaeton,urbano latino,trap latino,latin",Sony Music Latin/Duars Entertainment,0.78,0.718,-3.605,0,0.0506,0.31,0.000163,0.0932,0.342,127.949,4,2021
spotify:track:0k4d5YPDr1r7FX77VdqWez,You Right,Planet Her,"Doja Cat,The Weeknd",2021-06-25,186173,80,True,,Kemosabe Records/RCA Records,0.828,0.621,-6.414,1,0.0565,0.0164,0.00233,0.0845,0.436,128.986,4,2021
spotify:track:1mSdbey7RstGLY2udgXv74,Essence (feat. Justin Bieber & Tems),Essence (feat. Justin Bieber & Tems),"Wizkid,Justin Bieber,Tems",2021-08-13,263288,62,False,"afrobeats,afrobeat,afropop,azonto,afroswing,afro r&b,afropiano,alté",Starboy/RCA Records,0.835,0.691,-5.828,1,0.113,0.0159,1.44e-05,0.108,0.581,103.999,4,2021
spotify:track:5qNh5WtzMbfpSj2jLlBkoD,Your Power,Your Power,Billie Eilish,2021-04-29,245896,1,False,,Darkroom/Interscope Records,0.634,0.285,-14.007,0,0.0807,0.937,0.000359,0.232,0.203,129.65,4,2021
spotify:track:3USxtqRwSYz57Ewm6wWRMp,Heat Waves,Dreamland,Glass Animals,2020-08-07,238805,91,False,,Polydor Records,0.761,0.525,-6.9,1,0.0944,0.44,6.7e-06,0.0921,0.531,80.87,4,2021
spotify:track:6f3Slt0GbA2bPZlz0aIFXN,The Business,The Business,Tiësto,2020-09-16,164000,77,False,"edm,trance,big room,house,dance",Atlantic Records,0.798,0.62,-7.079,0,0.232,0.414,0.0192,0.112,0.235,120.031,4,2021
spotify:track:1XXimziG1uhM0eDNCZCrUl,Up,Up,Cardi B,2021-02-05,156944,69,True,,Atlantic Records,0.868,0.795,-6.044,1,0.269,0.0012,0.0193,0.0461,0.819,166.0,4,2021
spotify:track:079Ey5uxL04AKPQgVQwx5h,Baila Conmigo (with Rauw Alejandro),Revelación - EP,"Selena Gomez,Rauw Alejandro",2021-03-12,186087,68,False,"reggaeton,urbano latino,trap latino,latin",Selena Gomez Latin Project,0.823,0.544,-7.132,1,0.0715,0.0215,0.00315,0.0966,0.664,149.903,4,2021
spotify:track:2JPLbjOn0wPCngEot2STUS,Yonaguni,Yonaguni,Bad Bunny,2021-06-04,206710,81,True,"reggaeton,trap latino,urbano latino,latin",Rimas Entertainment LLC,0.644,0.648,-4.601,1,0.118,0.276,0.0,0.135,0.44,179.951,4,2021
spotify:track:0A1hoCfMLkiAgvhWkkucJa,Body,Good News,Megan Thee Stallion,2020-11-20,171067,72,True,,300 Entertainment,0.914,0.732,-6.1,0,0.241,0.0166,0.0,0.107,0.469,94.066,4,2021
spotify:track:35mvY5S1H3J2QZyna3TFe0,positions,Positions,Ariana Grande,2020-10-30,172324,81,True,pop,Republic Records,0.737,0.802,-4.771,1,0.0878,0.468,0.0,0.0931,0.682,144.015,4,2021
spotify:track:5CZ40GBx1sQ9agT82CLQCT,traitor,SOUR,Olivia Rodrigo,2021-05-21,229226,89,False,,Olivia Rodrigo PS,0.38,0.339,-7.885,1,0.0338,0.691,0.0,0.12,0.0849,100.607,4,2021
spotify:track:4Ld4kbKo1eOzToQ0P8JA0V,Arcade (feat. FLETCHER),Small Town Boy,"Duncan Laurence,FLETCHER",2020-11-27,187453,69,False,,"Universal Music, a division of Universal International Music BV",0.446,0.395,-9.328,1,0.0365,0.815,0.00216,0.128,0.267,71.944,3,2021
spotify:track:7BoobGhD4x5K96Me0hqC8Q,Build a Bitch,Build a Bitch,Bella Poarch,2021-05-14,122772,72,True,,Warner Records,0.855,0.463,-7.454,1,0.0367,0.217,1.77e-05,0.347,0.866,102.931,4,2021
spotify:track:4LRPiXqCikLlN15c3yImP7,As It Was,As It Was,Harry Styles,2022-03-31,167303,19,False,,Columbia,0.52,0.731,-5.338,0,0.0557,0.342,0.00101,0.311,0.662,173.93,4,2022
spotify:track:0V3wPSX9ygBnCm8psDIegu,Anti-Hero,Midnights,Taylor Swift,2022-10-21,200690,84,False,,Taylor Swift,0.633,0.648,-6.645,1,0.062,0.121,2.62e-06,0.161,0.49,96.888,4,2022
spotify:track:02MWAaffLxlfxAUY7c5dvx,Heat Waves,Dreamland (+ Bonus Levels),Glass Animals,2020-08-06,238805,14,False,,Polydor Records,0.761,0.525,-6.9,1,0.0944,0.44,6.7e-06,0.0921,0.531,80.87,4,2022
spotify:track:29d0nY7TzCoi22XBqDQkiP,Running Up That Hill (A Deal With God) - 2018 Remaster,Hounds of Love (2018 Remaster),Kate Bush,1985-09-16,300840,7,False,"art pop,baroque pop,art rock",Rhino,0.625,0.533,-11.903,0,0.0596,0.659,0.00266,0.0546,0.139,108.296,4,2022
spotify:track:1IHWl5LamUGEuP4ozKQSXZ,Tití Me Preguntó,Un Verano Sin Ti,Bad Bunny,2022-05-06,243716,86,True,"reggaeton,trap latino,urbano latino,latin",Rimas Entertainment LLC,0.65,0.715,-5.198,0,0.253,0.0993,0.000291,0.126,0.187,106.672,4,2022
spotify:track:27NovPIUIRrOZoCHxABJwK,INDUSTRY BABY (feat. Jack Harlow),INDUSTRY BABY (feat. Jack Harlow),"Lil Nas X,Jack Harlow",2021-07-23,212000,77,True,,Columbia,0.736,0.704,-7.409,0,0.0615,0.0203,0.0,0.0501,0.894,149.995,4,2022
spotify:track:3nqQXoyQOWXiESFLlDF1hG,Unholy (feat. Kim Petras),Unholy (feat. Kim Petras),"Sam Smith,Kim Petras",2022-09-22,156943,80,False,soft pop,Capitol Records UK / EMI,0.719,0.454,-7.384,1,0.0707,0.0138,4.83e-06,0.318,0.224,131.007,4,2022
spotify:track:1xzi1Jcr7mEi9K2RfzLOqS,CUFF IT,RENAISSANCE,Beyoncé,2022-07-29,225388,79,True,,Parkwood Entertainment/Columbia,0.78,0.689,-5.668,1,0.141,0.0368,9.69e-06,0.0698,0.642,115.042,4,2022
spotify:track:0VO8gYVDSwM1Qdd2GsMoYK,Moth To A Flame (with The Weeknd),Paradise Again,"Swedish House Mafia,The Weeknd",2022-04-15,234000,83,False,edm,Republic Records,0.553,0.659,-7.295,1,0.0391,0.0027,0.0,0.105,0.105,120.146,4,2022
spotify:track:1rDQ4oMwGJI7B4tovsBOxc,First Class,First Class,Jack Harlow,2022-04-08,173947,9,True,,Generation Now/Atlantic,0.905,0.563,-6.135,1,0.102,0.0254,9.71e-06,0.113,0.324,106.998,4,2022
spotify:track:1qEmFfgcLObUfQm0j1W2CK,Late Night Talking,Harry's House,Harry Styles,2022-05-20,177954,81,False,,Columbia,0.714,0.728,-4.595,1,0.0468,0.298,0.0,0.106,0.901,114.996,4,2022
spotify:track:5CZ40GBx1sQ9agT82CLQCT,traitor,SOUR,Olivia Rodrigo,2021-05-21,229226,89,False,,Olivia Rodrigo PS,0.38,0.339,-7.885,1,0.0338,0.691,0.0,0.12,0.0849,100.607,4,2022
spotify:track:6I3mqTwhRpn34SLVafSH7G,Ghost,Justice,Justin Bieber,2021-03-19,153190,86,False,,RBMG/Def Jam,0.601,0.741,-5.569,1,0.0478,0.185,2.91e-05,0.415,0.441,153.96,4,2022
spotify:track:6xGruZOHLs39ZbVccQTuPZ,Glimpse of Us,Glimpse of Us,Joji,2022-06-10,233456,16,False,,88rising Music/Warner Records,0.44,0.317,-9.258,1,0.0531,0.891,4.78e-06,0.141,0.268,169.914,3,2022
spotify:track:4k6Uh1HXdhtusDW5y8Gbvy,Bad Habit,Gemini Rights,Steve Lacy,2022-07-15,232066,86,True,,L-M Records/RCA Records,0.686,0.494,-7.093,1,0.0355,0.613,5.8e-05,0.402,0.7,168.946,4,2022
spotify:track:3WMj8moIAXJhHsyLaqIIHI,Something in the Orange,Something in the Orange,Zach Bryan,2022-04-22,228013,88,False,"country,red dirt",Warner Records,0.369,0.192,-12.151,0,0.04,0.555,8.35e-06,0.0954,0.148,175.212,3,2022
spotify:track:0mL82sxCRjrs3br407IdJh,Is There Someone Else?,Dawn FM,The Weeknd,2022-01-06,199111,84,False,,XO / Republic Records,0.702,0.586,-7.83,0,0.0313,0.0388,7.27e-05,0.156,0.608,134.951,4,2022
spotify:track:2tTmW7RDtMQtBk7m2rYeSw,Quevedo: Bzrp Music Sessions Vol. 52,Quevedo: Bzrp Music Sessions Vol. 52,"Bizarrap,Quevedo",2022-07-06,198937,84,False,"argentine trap,trap latino,urbano latino",DALE PLAY Records,0.621,0.782,-5.548,1,0.044,0.0125,0.033,0.23,0.55,128.033,4,2022
spotify:track:6Sq7ltF9Qa7SNFBsV5Cogx,Me Porto Bonito,Un Verano Sin Ti,"Bad Bunny,Chencho Corleone",2022-05-06,178567,85,True,"reggaeton,trap latino,urbano latino,latin",Rimas Entertainment LLC,0.911,0.712,-5.105,0,0.0817,0.0901,2.68e-05,0.0933,0.425,92.005,4,2022
spotify:track:2FeBslNBMdR9V58uv6hd2t,N95,Mr. Morale & The Big Steppers,Kendrick Lamar,2022-05-13,195950,4,True,"hip hop,west coast hip hop",pgLang/Top Dawg Entertainment/Aftermath/Interscope Records,0.79,0.67,-5.527,1,0.105,0.377,2.32e-06,0.119,0.408,139.956,4,2022
spotify:track:3F5CgOj3wFlRv51JsHbxhe,Jimmy Cooks (feat. 21 Savage),Honestly Nevermind,"Drake,21 Savage",2022-06-17,218364,84,True,rap,OVO,0.529,0.673,-4.711,1,0.175,0.000307,2.41e-06,0.093,0.366,165.921,4,2022
spotify:track:1PckUlxKqWQs3RlWXVBLw3,About Damn Time,About Damn Time,Lizzo,2022-04-14,191822,15,True,,Nice Life/Atlantic,0.836,0.743,-6.305,0,0.0656,0.0995,0.0,0.335,0.722,108.966,4,2022
spotify:track:5jQI2r1RdgtuT8S3iG8zFC,Lavender Haze,Midnights,Taylor Swift,2022-10-21,202395,76,True,,Taylor Swift,0.735,0.449,-10.56,0,0.0883,0.23,0.00126,0.132,0.0955,97.05,4,2022
spotify:track:3IAfUEeaXRX9s9UdKOJrFI,Envolver,Envolver,Anitta,2021-11-11,193805,72,False,"brazilian pop,funk pop,funk carioca,funk,pagode baiano",WEA Latina,0.812,0.736,-5.421,0,0.0833,0.152,0.00254,0.0914,0.396,91.993,4,2022
spotify:track:5ildQOEKmJuWGl2vRkFdYc,DESPECHÁ,DESPECHÁ,ROSALÍA,2022-07-28,157017,76,True,latin,Columbia,0.919,0.623,-6.521,1,0.0992,0.184,1.63e-05,0.0609,0.775,130.037,4,2022
spotify:track:3Kkjo3cT83cw09VJyrLNwX,Oh My God,30,Adele,2021-11-19,225148,75,False,soft pop,Columbia,0.534,0.725,-3.906,1,0.046,0.091,0.0,0.0264,0.55,88.098,4,2022
spotify:track:4fouWK6XVHhzl78KzQ1UjL,abcdefu,abcdefu,GAYLE,2021-08-13,168601,77,True,,Atlantic/Arthouse Records,0.695,0.54,-5.692,1,0.0493,0.299,0.0,0.367,0.415,121.932,4,2022
spotify:track:7rglLriMNBPAyuJOMGwi39,Cold Heart - PNAU Remix,The Lockdown Sessions,"Elton John,Dua Lipa,PNAU",2021-10-22,202735,73,False,pop,EMI,0.795,0.8,-6.32,1,0.0309,0.0354,7.25e-05,0.0915,0.934,116.032,4,2022
spotify:track:50nfwKoDiSYg8zOCREWAm5,Shivers,=,Ed Sheeran,2021-10-25,207853,86,False,soft pop,Atlantic Records UK,0.788,0.859,-2.724,1,0.0856,0.281,0.0,0.0424,0.822,141.02,4,2022
spotify:track:0mBP9X2gPCuapvpZ7TGDk3,Left and Right (Feat. Jung Kook of BTS),Left and Right (Feat. Jung Kook of BTS),"Charlie Puth,Jung Kook,BTS",2022-06-24,154486,73,False,"soft pop,pop,k-pop",Atlantic Records,0.881,0.592,-4.898,1,0.0324,0.619,1.32e-05,0.0901,0.719,101.058,4,2022
spotify:track:1SOClUWhOi8vHZYMz3GluK,Infinity,Feel Something,Jaymes Young,2017-06-23,237720,81,False,,Atlantic Records,0.671,0.673,-6.941,0,0.0444,0.148,5.29e-05,0.304,0.494,121.963,4,2022
spotify:track:0e8nrvls4Qqv5Rfa2UhqmO,THATS WHAT I WANT,MONTERO,Lil Nas X,2021-09-17,143901,78,True,,Columbia,0.737,0.846,-4.51,0,0.22,0.00614,0.0,0.0486,0.546,87.981,4,2022
spotify:track:3RfTeIrWS8LNrfHYwechtt,Sunroof,Sunroof,"Nicky Youre,hey daisy",2021-11-26,163025,4,False,,Thirty Knots,0.768,0.716,-5.11,1,0.0404,0.35,0.0,0.15,0.841,131.43,4,2022
spotify:track:4h9wh7iOZ0GGn8QVp4RAOB,I Ain't Worried,I Ain’t Worried (Music From The Motion Picture Top Gun: Maverick),OneRepublic,2022-05-13,148485,86,False,soft pop,Interscope Records,0.704,0.797,-5.927,1,0.0475,0.0826,0.000745,0.0546,0.825,139.994,4,2022
spotify:track:09gysnJpfQ3ublBmJDfcEC,SAD GIRLZ LUV MONEY Remix (feat. Kali Uchis and Moliy),SAD GIRLZ LUV MONEY Remix (feat. Kali Uchis and Moliy),"Amaarae,Kali Uchis,MOLIY",2021-09-16,204763,78,True,"alté,afrobeats,afro r&b",0207 Def Jam,0.87,0.523,-8.052,0,0.0602,0.433,2.07e-05,0.113,0.319,110.02,4,2022
spotify:track:1ri9ZUkBJVFUdgwzCnfcYs,MAMIII,MAMIII,"Becky G,KAROL G",2022-02-10,226088,74,False,"reggaeton,latin,urbano latino",Kemosabe Records/RCA Records,0.843,0.7,-3.563,0,0.0803,0.0934,0.0,0.14,0.899,93.991,4,2022
spotify:track:6mmPpaltUZK7xjNlBPQQ0p,Desesperados,VICE VERSA,"Rauw Alejandro,Chencho Corleone",2021-12-10,224996,84,True,"reggaeton,urbano latino,trap latino,latin",Sony Music Latin/Duars Entertainment,0.869,0.694,-3.35,0,0.0783,0.356,0.00125,0.0878,0.511,90.02,4,2022
spotify:track:4C6Uex2ILwJi9sZXRdmqXp,Super Freaky Girl,Super Freaky Girl,Nicki Minaj,2022-08-12,170977,71,True,,Republic Records,0.95,0.891,-2.653,1,0.241,0.0645,1.77e-05,0.309,0.912,133.01,4,2022
spotify:track:2SLwbpExuoBDZBpjfefCtV,Out of Time,Dawn FM,The Weeknd,2022-01-06,214193,79,False,,XO / Republic Records,0.65,0.76,-4.422,0,0.0446,0.255,0.0,0.339,0.838,93.057,4,2022
spotify:track:59CfNbkERJ3NoTXDvoURjj,Boyfriend,Boyfriend,Dove Cameron,2022-02-11,153000,75,True,,Disruptor Records/Columbia,0.345,0.612,-6.543,0,0.0608,0.232,0.0,0.194,0.232,179.773,3,2022
spotify:track:0skYUMpS0AcbpjcGsAbRGj,Pink Venom,Pink Venom,BLACKPINK,2022-08-19,186964,67,False,k-pop,YG Entertainment/Interscope Records,0.798,0.697,-7.139,1,0.0891,0.0202,0.0,0.259,0.745,90.031,4,2022
spotify:track:34ZAzO78a5DAVNrYIGWcPm,Shirt,Shirt,SZA,2022-10-28,181830,67,True,r&b,Top Dawg Entertainment/RCA Records,0.824,0.453,-9.604,0,0.0968,0.146,0.0273,0.0896,0.552,119.959,4,2022
spotify:track:5IgjP7X4th6nMNDh4akUHb,Under The Influence,Indigo (Extended),Chris Brown,2019-10-04,184613,87,True,r&b,Chris Brown Entertainment/RCA Records,0.755,0.562,-8.947,0,0.0355,0.0186,0.000231,0.18,0.368,116.931,4,2022
spotify:track:6zJejIfVYLgjud3lTk4DLB,SNAP,SNAP PACK,Rosa Linn,2022-07-15,179551,1,False,,Columbia,0.565,0.636,-8.198,1,0.0638,0.107,9.9e-06,0.447,0.525,170.01,4,2022
spotify:track:2DB4DdfCFMw1iaR6JaR03a,Bam Bam (feat. Ed Sheeran),Familia,"Camila Cabello,Ed Sheeran",2022-04-07,206070,74,False,soft pop,Epic,0.756,0.697,-6.377,1,0.0401,0.182,0.0,0.333,0.956,94.996,4,2022
spotify:track:1O2pcBJGej0pmH2Y9XZMs6,Una Noche en Medellín,Una Noche en Medellín,Cris MJ,2022-01-21,153750,7,True,"reggaeton chileno,chilean trap,chilean mambo,reggaeton",Nabru Records LLC,0.87,0.548,-5.253,0,0.077,0.0924,4.6e-05,0.0534,0.832,96.018,4,2022
spotify:track:7dSZ6zGTQx66c2GF91xCrb,PROVENZA,PROVENZA,KAROL G,2022-04-22,210200,76,False,"reggaeton,latin,urbano latino",BICHOTA RECORDS / INTERSCOPE RECORDS / UNIVERSAL MUSIC LATINO,0.87,0.516,-8.006,1,0.0541,0.656,0.00823,0.11,0.53,111.005,4,2022
spotify:track:58HvfVOeJY7lUuCqF0m3ly,MIDDLE OF THE NIGHT,MIDDLE OF THE NIGHT,Elley Duhé,2020-01-10,184447,78,False,,Not Fit For Society/RCA Records,0.41,0.611,-8.271,0,0.0467,0.0228,0.0,0.116,0.0899,185.727,3,2022
spotify:track:1r9xUipOqoNwggBpENDsvJ,Enemy (with JID) - from the series Arcane League of Legends,Enemy (with JID) [from the series Arcane League of Legends],"Imagine Dragons,JID,Arcane,League of Legends",2021-10-28,173381,78,False,,KIDinaKORNER/Interscope Records,0.728,0.783,-4.424,0,0.266,0.237,0.0,0.434,0.555,77.011,4,2022
spotify:track:28JBD8p18xNuOfyV7Cotdn,Massive,Honestly Nevermind,Drake,2022-06-17,336924,75,False,rap,OVO,0.499,0.671,-6.774,0,0.0561,0.114,0.0169,0.148,0.0557,124.994,3,2022
spotify:track:1Qrg8KqiBpW07V7PNxwwwL,Kill Bill,SOS,SZA,2022-12-08,153946,86,False,r&b,Top Dawg Entertainment/RCA Records,0.644,0.735,-5.747,1,0.0391,0.0521,0.144,0.161,0.418,88.98,4,2023
spotify:track:0yLdNVWF3Srea0uzk55zFn,Flowers,Flowers,Miley Cyrus,2023-01-13,200454,21,False,,Columbia,0.707,0.681,-4.325,1,0.0668,0.0632,5.15e-06,0.0322,0.646,117.999,4,2023
spotify:track:7oDd86yk8itslrA9HRP2ki,Die For You - Remix,Die For You (Remix),"The Weeknd,Ariana Grande",2023-02-24,232857,76,False,pop,XO / Republic Records,0.531,0.525,-6.5,0,0.0671,0.232,0.0,0.441,0.502,66.9,4,2023
spotify:track:6AQbmUe0Qwf5PZnt4HmTXv,Boy's a liar Pt. 2,Boy's a liar Pt. 2,"PinkPantheress,Ice Spice",2023-02-03,131013,76,True,bedroom pop,Warner Records,0.696,0.809,-8.254,1,0.05,0.252,0.000128,0.248,0.857,132.962,4,2023
spotify:track:1BxfuPKGuaTgP7aM0Bbdwr,Cruel Summer,Lover,Taylor Swift,2019-08-23,178426,92,False,,Taylor Swift,0.552,0.702,-5.707,1,0.157,0.117,2.06e-05,0.105,0.564,169.994,4,2023
spotify:track:2dHHgzDwk4BJdRwy9uXhTO,Creepin' (with The Weeknd & 21 Savage),HEROES & VILLAINS,"Metro Boomin,The Weeknd,21 Savage",2022-12-02,221520,84,True,,Republic Records,0.716,0.613,-6.018,0,0.0522,0.391,0.0,0.0813,0.157,97.914,4,2023
spotify:track:3k79jB4aGmMDUQzEwa46Rz,vampire,vampire,Olivia Rodrigo,2023-06-30,219724,11,True,,Olivia Rodrigo PS,0.484,0.53,-5.82,1,0.054,0.148,0.0,0.283,0.319,136.874,4,2023
spotify:track:3rUGC1vUpkDG9CZFHMur1t,greedy,greedy,Tate McRae,2023-09-15,131872,91,True,,RCA Records Label,0.749,0.729,-3.19,0,0.0321,0.261,0.0,0.113,0.816,111.004,1,2023
spotify:track:78Sw5GDo6AlGwTwanjXbGh,Here With Me,Here With Me,d4vd,2022-09-22,242484,9,False,,Darkroom/Interscope Records,0.574,0.469,-8.209,1,0.0254,0.534,9.21e-05,0.128,0.288,132.023,4,2023
spotify:track:2i2gDpKKWjvnRTOZRhaPh2,Moonlight,Moonlight,Kali Uchis,2023-02-24,187557,78,False,,Geffen Records,0.64,0.719,-6.452,0,0.0516,0.477,0.0,0.16,0.889,136.79,4,2023
spotify:track:1odExI7RdWc4BT515LTAwj,Daylight,Daylight,David Kushner,2023-04-14,212953,46,False,,"Miserable Music Group, LLC",0.508,0.43,-9.475,0,0.0335,0.83,0.000441,0.093,0.324,130.09,4,2023
spotify:track:3vkCueOmm7xQDoJ17W1Pm3,My Love Mine All Mine,The Land Is Inhospitable and So Are We,Mitski,2023-09-15,137773,90,False,,Dead Oceans,0.504,0.308,-14.958,1,0.0321,0.868,0.135,0.158,0.121,113.95,4,2023
spotify:track:7FbrGaHYVDmfr7KoLIZnQ7,Cupid - Twin Ver.,The Beginning: Cupid,FIFTY FIFTY,2023-02-24,174253,11,False,k-pop,WM Korea,0.783,0.592,-8.332,0,0.0331,0.435,4.15e-06,0.347,0.726,120.018,4,2023
spotify:track:7KA4W4McWYRpgf0fWsJZWB,See You Again (feat. Kali Uchis),Flower Boy,"Tyler The Creator,Kali Uchis",2017-07-21,180386,93,True,,Columbia,0.558,0.559,-9.222,1,0.0959,0.371,7.49e-06,0.109,0.62,78.558,4,2023
spotify:track:7x9aauaA9cu6tyfpHnqDLo,Seven (feat. Latto),Seven (feat. Latto),"Jung Kook,Latto",2023-07-14,184400,81,True,k-pop,BIGHIT MUSIC,0.788,0.841,-3.955,1,0.0432,0.301,0.0,0.0772,0.904,124.986,4,2023
spotify:track:5aIVCx5tnk0ntmdiinnYvw,Water,Water,Tyla,2023-07-28,200255,87,False,afrobeats,FAX Records/Epic,0.673,0.722,-3.495,0,0.0755,0.0856,0.0,0.137,0.519,117.187,4,2023
spotify:track:4xhsWYTOGcal8zt0J161CU,Lovin On Me,Lovin On Me,Jack Harlow,2023-11-10,138411,82,True,,Generation Now/Atlantic,0.943,0.558,-4.911,1,0.0568,0.0026,2.19e-06,0.0937,0.606,104.983,4,2023
spotify:track:2IGMVunIBsBLtEQyoI1Mu7,Paint The Town Red,Paint The Town Red,Doja Cat,2023-08-04,231750,81,True,,Kemosabe Records/RCA Records,0.868,0.538,-8.603,1,0.174,0.269,3.34e-06,0.0901,0.732,99.968,4,2023
spotify:track:4nrPB8O7Y7wsOCJdgXkthe,Shakira: Bzrp Music Sessions Vol. 53,Shakira: Bzrp Music Sessions Vol. 53,"Bizarrap,Shakira",2023-01-11,214945,80,False,"argentine trap,trap latino,urbano latino,latin pop",DALE PLAY Records,0.842,0.745,-4.231,0,0.0399,0.281,2.61e-05,0.118,0.53,122.06,4,2023
spotify:track:6dgUya35uo964z7GZXM07g,Nonsense,emails i can't send,Sabrina Carpenter,2022-07-15,163648,88,False,,Island Records,0.74,0.697,-4.912,1,0.034,0.0268,0.0,0.224,0.732,138.992,4,2023
spotify:track:7KokYm8cMIXCsGVmUvKtqf,Karma,Midnights,Taylor Swift,2022-10-21,204852,79,True,,Taylor Swift,0.64,0.619,-7.108,1,0.065,0.062,0.0,0.475,0.121,90.008,4,2023
spotify:track:6wsqVwoiVH2kde4k4KKAFU,I KNOW ?,UTOPIA,Travis Scott,2023-07-28,211582,83,True,rap,Cactus Jack/Epic,0.927,0.619,-4.441,0,0.0539,0.0186,0.0,0.104,0.817,117.995,4,2023
spotify:track:4iZ4pt7kvcaH6Yo8UoZ4s2,Snooze,SOS,SZA,2022-12-09,201800,90,True,r&b,Top Dawg Entertainment/RCA Records,0.559,0.551,-7.231,1,0.132,0.141,0.0,0.11,0.392,143.008,4,2023
spotify:track:6GGtHZgBycCgGBUhZo81xe,Say Yes To Heaven,Say Yes To Heaven,Lana Del Rey,2023-05-19,209156,87,False,,Polydor Records,0.485,0.348,-11.576,0,0.0257,0.678,0.167,0.118,0.145,99.898,4,2023
spotify:track:6wf7Yu7cxBSPrRlWeSeK0Q,What Was I Made For? [From The Motion Picture Barbie],What Was I Made For? [From The Motion Picture Barbie],Billie Eilish,2023-07-13,222369,88,False,,Darkroom/Interscope Records,0.391,0.084,-17.843,1,0.0317,0.953,0.0,0.0983,0.111,79.449,4,2023
spotify:track:1Y3LN4zO1Edc2EluIoSPJN,Until I Found You (with Em Beihold) - Em Beihold Version,Until I Found You (Em Beihold Version),"Stephen Sanchez,Em Beihold",2022-04-22,176440,82,False,,Republic Records,0.551,0.55,-5.339,1,0.0286,0.777,0.0,0.202,0.342,101.19,3,2023
spotify:track:59uQI0PADDKeE6UZDTJEe8,Last Night,3 Songs At A Time Sampler,Morgan Wallen,2023-01-31,163854,76,True,country,Big Loud Records / Mercury Records / Republic Records,0.492,0.673,-5.431,1,0.0347,0.413,0.0,0.137,0.488,203.812,4,2023
spotify:track:3dnP0JxCgygwQH9Gm7q7nb,Ella Baila Sola,Ella Baila Sola,"Eslabon Armado,Peso Pluma",2023-03-16,165671,80,False,"corridos tumbados,sad sierreño,corrido,sierreño,música mexicana,corridos bélicos,banda,electro corridos",DEL Records,0.668,0.758,-5.176,0,0.0332,0.483,1.89e-05,0.0837,0.834,147.989,3,2023
spotify:track:4uUG5RXrOk84mYEfFvj3cK,I'm Good (Blue),I'm Good (Blue),"David Guetta,Bebe Rexha",2022-08-26,175238,89,True,"edm,dance",Parlophone UK,0.561,0.965,-3.673,0,0.0343,0.00383,7.07e-06,0.371,0.304,128.04,4,2023
spotify:track:1bDbXMyjaUIooNwFE9wn0N,Rich Flex,Her Loss,"Drake,21 Savage",2022-11-04,239359,78,True,rap,OVO / Republic Records,0.549,0.518,-9.39,0,0.257,0.0517,1.21e-06,0.378,0.418,160.07,4,2023
spotify:track:6WzRpISELf3YglGAh7TXcG,Popular (with Playboi Carti & Madonna) - From The Idol Vol. 1 (Music from the HBO Original Series),Popular (Music from the HBO Original Series),"The Weeknd,Playboi Carti,Madonna",2023-06-02,215466,85,True,rage rap,XO / Republic Records,0.854,0.674,-6.23,1,0.184,0.0517,8.53e-05,0.509,0.848,99.022,4,2023
spotify:track:2FDTHlrBguDzQkp7PVj16Q,Sprinter,Sprinter,"Dave,Central Cee",2023-06-01,229133,85,True,"grime,uk grime,uk drill,drill",Neighbourhood / Live Yours,0.918,0.681,-4.705,1,0.201,0.263,0.0,0.0615,0.706,139.057,4,2023
spotify:track:4rXLjWdF2ZZpXCVTfWcshS,fukumean,a Gift & a Curse,Gunna,2023-06-16,125040,83,True,melodic rap,300 Entertainment,0.847,0.622,-6.747,0,0.0903,0.119,0.0,0.285,0.22,130.001,4,2023
spotify:track:5ww2BF9slyYgNOk37BlC4u,La Bachata,La Bachata,Manuel Turizo,2022-05-26,162637,82,False,"reggaeton,pop urbano,latin,colombian pop",Sony Music Latin/La Industria,0.835,0.679,-5.329,0,0.0364,0.583,1.98e-06,0.218,0.85,124.98,4,2023
spotify:track:5odlY52u43F5BjByhxg7wg,golden hour,this is what ____ feels like (Vol. 1-4),JVKE,2022-09-23,209259,81,False,,JVKE,0.515,0.593,-4.801,1,0.0322,0.653,0.162,0.25,0.153,94.467,3,2023
spotify:track:0WtM2NBVQNNJLh6scP13H8,Calm Down (with Selena Gomez),Calm Down (with Selena Gomez),"Rema,Selena Gomez",2022-08-25,239317,84,False,"afrobeats,afrobeat,afropop,afropiano",Mavin Records / Jonzing World,0.801,0.806,-5.206,1,0.0381,0.382,0.000669,0.114,0.802,106.999,4,2023
spotify:track:2Zo1PcszsT9WQ0ANntJbID,Feather,emails i can’t send fwd:,Sabrina Carpenter,2023-03-17,185552,87,True,,Island Records,0.791,0.694,-4.332,0,0.0335,0.0736,1.75e-06,0.0958,0.826,123.508,4,2023
spotify:track:2i8f4VnnBjy0yDqH2C452a,bad idea right?,bad idea right?,Olivia Rodrigo,2023-08-11,184783,4,True,,Olivia Rodrigo PS,0.631,0.88,-3.545,1,0.0999,0.00174,4.52e-06,0.0639,0.808,129.994,4,2023
spotify:track:0DWdj2oZMBFSzRsi2Cvfzf,TQG,MAÑANA SERÁ BONITO,"KAROL G,Shakira",2023-02-24,197933,85,True,"reggaeton,latin,urbano latino,latin pop",BICHOTA RECORDS / INTERSCOPE RECORDS / UNIVERSAL MUSIC LATINO,0.587,0.647,-3.385,0,0.327,0.619,0.0,0.106,0.686,90.123,4,2023
spotify:track:4MjDJD8cW7iVeWInc2Bdyj,MONACO,nadie sabe lo que va a pasar mañana,Bad Bunny,2023-10-13,267194,82,True,"reggaeton,trap latino,urbano latino,latin",Rimas Entertainment LLC,0.787,0.621,-5.009,0,0.068,0.15,0.000402,0.58,0.13,139.056,4,2023
spotify:track:2Hh3ETdQKrmSI3QS0hme7g,Too Many Nights (feat. Don Toliver & with Future),HEROES & VILLAINS,"Metro Boomin,Future,Don Toliver",2022-12-02,199920,85,True,rap,Republic Records,0.573,0.668,-4.356,0,0.0467,0.189,4.01e-05,0.109,0.145,87.973,4,2023
spotify:track:5WxVXxCMRnvxUKFq40ELwq,Escapism.,Escapism. (Sped Up),"RAYE,070 Shake",2022-11-25,272373,2,True,,Human Re Sources,0.538,0.742,-5.355,1,0.114,0.138,4.67e-05,0.0934,0.25,96.107,4,2023
spotify:track:1vYXt7VSjH9JIM5oRRo7vA,Dance The Night - From Barbie The Album,Dance The Night (From Barbie The Album),Dua Lipa,2023-05-25,176579,84,False,pop,Atlantic Records,0.671,0.845,-4.93,0,0.048,0.0207,0.0,0.329,0.775,110.056,4,2023
spotify:track:5w40ZYhbBMAlHYNDaVJIUu,Chemical,Chemical,Post Malone,2023-04-14,184013,78,True,,Mercury Records/Republic Records,0.49,0.88,-4.856,1,0.0435,0.00154,0.0,0.103,0.392,169.949,4,2023
spotify:track:4KULAymBBJcPRpk1yO4dOG,I Remember Everything (feat. Kacey Musgraves),Zach Bryan,"Zach Bryan,Kacey Musgraves",2023-08-25,227195,89,False,"country,red dirt",Warner Records,0.429,0.453,-7.746,1,0.0459,0.554,2e-06,0.102,0.155,77.639,4,2023
spotify:track:1Iq8oo9XkmmvCQiGOfORiz,Is It Over Now? (Taylor's Version) (From The Vault),1989 (Taylor's Version),Taylor Swift,2023-10-26,229477,76,False,,Taylor Swift,0.599,0.651,-7.343,1,0.035,0.0486,0.0,0.126,0.153,100.001,4,2023
spotify:track:7DswEZZthZ6piQpL25qGAM,On My Mama,JAGUAR II,Victoria Monét,2023-08-25,184258,68,True,alternative r&b,Lovett Music/RCA Records,0.675,0.546,-7.716,0,0.0511,0.556,0.00441,0.167,0.607,77.415,4,2023
spotify:track:741UUVE2kuITl0c6zuqqbO,Barbie World (with Aqua) [From Barbie The Album],Barbie World (with Aqua) [From Barbie The Album],"Nicki Minaj,Ice Spice,Aqua",2023-06-23,109750,73,True,"europop,eurodance",Atlantic Records,0.77,0.58,-8.393,1,0.247,0.519,0.000127,0.233,0.753,144.072,4,2023
spotify:track:2UW7JaomAMuX9pZrjVpHAU,La Bebe - Remix,La Bebe (Remix),"Yng Lvcas,Peso Pluma",2023-03-17,234352,81,True,"reggaeton mexa,reggaeton,electro corridos,dembow belico,corrido,corridos tumbados,corridos bélicos,música mexicana,sad sierreño,banda",WM Mexico,0.812,0.479,-5.678,0,0.333,0.213,1.21e-06,0.0756,0.559,169.922,4,2023
spotify:track:5L3ecxQnQ9qTBmnLQiwf0C,K-POP,K-POP,"Travis Scott,Bad Bunny,The Weeknd",2023-07-21,185220,72,True,"rap,reggaeton,trap latino,urbano latino,latin",Cactus Jack/Epic,0.814,0.618,-5.614,0,0.0619,0.0386,3.34e-06,0.671,0.535,121.075,4,2023
spotify:track:2qSkIjg1o9h3YT9RAgYN75,Espresso,Espresso,Sabrina Carpenter,2024-04-12,175459,90,True,,Island Records,0.701,0.76,-5.478,1,0.0285,0.107,6.54e-05,0.185,0.69,103.969,4,2024
spotify:track:2plbrEY59IikOBgBGLjaoe,Die With A Smile,Die With A Smile,"Lady Gaga,Bruno Mars",2024-08-16,251667,97,False,"art pop,pop",Interscope,0.521,0.592,-7.777,0,0.0304,0.308,0.0,0.122,0.535,157.969,3,2024
spotify:track:6dOtVTDdiauQNBQEDOtlAB,BIRDS OF A FEATHER,HIT ME HARD AND SOFT,Billie Eilish,2024-05-17,210373,99,False,,Darkroom/Interscope Records,0.747,0.507,-10.171,1,0.0358,0.2,0.0608,0.117,0.438,104.978,4,2024
spotify:track:6AI3ezQ4o3HUoP6Dhudph3,Not Like Us,Not Like Us,Kendrick Lamar,2024-05-04,274192,93,True,"hip hop,west coast hip hop","Kendrick Lamar, under exclusive license to Interscope Records",0.898,0.472,-7.001,1,0.0776,0.0107,0.0,0.141,0.214,101.061,4,2024
spotify:track:6tNQ70jh4OwmPGpYy6R2o9,Beautiful Things,Beautiful Things,Benson Boone,2024-01-18,180304,88,False,,"Night Street Records, Inc./Warner Records Inc.",0.472,0.471,-5.692,1,0.0603,0.151,0.0,0.14,0.219,105.029,3,2024
spotify:track:46kspZSY3aKmwQe7O77fCC,we can't be friends (wait for your love),eternal sunshine,Ariana Grande,2024-03-08,228639,82,False,pop,Republic Records,0.645,0.646,-8.334,1,0.0427,0.0615,3.04e-05,0.074,0.295,115.842,4,2024
spotify:track:0WbMK4wrZ1wFSty9F7FCgu,Good Luck Babe!,Good Luck Babe!,Chappell Roan,2024-04-05,218423,94,False,,Chappell Roan PS/ Island,0.7,0.582,-5.96,0,0.0356,0.0502,0.0,0.0881,0.785,116.712,4,2024
spotify:track:5N3hjp1WNayUPZrA8kJmJP,Please Please Please,Please Please Please,Sabrina Carpenter,2024-06-06,186365,85,True,,Island Records,0.669,0.586,-6.073,1,0.054,0.274,0.0,0.104,0.579,107.071,4,2024
spotify:track:3qhlB30KknSejmIvZZLjOD,End of Beginning,DECIDE,Djo,2022-09-16,159245,92,False,,Djo,0.689,0.454,-7.643,1,0.0584,0.0351,0.00259,0.0707,0.912,159.982,4,2024
spotify:track:5vNRhkKd0yEAg8suGBpjeY,APT.,APT.,"ROSÉ,Bruno Mars",2024-10-18,169917,94,False,k-pop,Atlantic Records,0.777,0.783,-4.477,0,0.26,0.0283,0.0,0.355,0.939,149.027,4,2024
spotify:track:7gaA3wERFkFkgivjwbSvkG,yes and?,yes and?,Ariana Grande,2024-01-12,214994,75,True,pop,Republic Records,0.787,0.775,-6.614,1,0.0548,0.19,6.54e-05,0.113,0.787,118.998,4,2024
spotify:track:2GxrNKugF82CnoRFbQfzPf,i like the way you kiss me,i like the way you kiss me,Artemas,2024-03-19,142514,85,False,,Artemas,0.599,0.946,-4.263,1,0.0447,0.000938,0.0106,0.0826,0.747,151.647,4,2024
spotify:track:1d7Ptw3qYcfpdLNL5REhtJ,Taste,Short n' Sweet,Sabrina Carpenter,2024-08-23,157279,80,False,,Island Records,0.67,0.91,-4.07,0,0.0634,0.0939,0.0,0.304,0.786,112.966,4,2024
spotify:track:2OzhQlSqBEmt7hmkYxfT6m,Fortnight (feat. Post Malone),THE TORTURED POETS DEPARTMENT,"Taylor Swift,Post Malone",2024-04-18,228965,86,False,,Taylor Swift,0.504,0.386,-10.976,1,0.0308,0.502,1.53e-05,0.0961,0.281,192.004,4,2024
spotify:track:42VsgItocQwOQC3XWZ8JNA,FE!N (feat. Playboi Carti),UTOPIA,"Travis Scott,Playboi Carti",2023-07-28,191700,88,True,"rap,rage rap",Cactus Jack/Epic,0.569,0.882,-2.777,0,0.06,0.0316,0.0,0.142,0.201,148.038,4,2024
spotify:track:17phhZDn6oGtzMe56NuWvj,Lose Control,I've Tried Everything But Therapy (Part 1),Teddy Swims,2023-09-15,210688,92,False,,Warner Records,0.561,0.604,-4.409,1,0.0337,0.199,1.9e-05,0.104,0.242,159.92,3,2024
spotify:track:0mflMxspEfB0VbI1kyLiAv,Stick Season,Stick Season,Noah Kahan,2022-10-14,182346,88,False,,Mercury Records/Republic Records,0.664,0.5,-6.935,1,0.0651,0.799,0.0,0.0966,0.801,117.896,4,2024
spotify:track:7AYmToZ5y67fBjq4RLFbuq,TEXAS HOLD 'EM,TEXAS HOLD 'EM,Beyoncé,2024-02-10,233456,64,True,,Parkwood Entertainment/Columbia,0.727,0.711,-6.549,1,0.078,0.582,0.0,0.158,0.375,110.012,4,2024
spotify:track:7221xIgOnuakPdLqT0F3nP,I Had Some Help (Feat. Morgan Wallen),I Had Some Help,"Post Malone,Morgan Wallen",2024-05-10,178205,86,True,country,Mercury Records/Republic Records,0.638,0.855,-4.86,1,0.0264,0.00757,0.0,0.245,0.731,127.986,4,2024
spotify:track:3HMY0r2BAdpasXMY8rseR0,Too Sweet,Unheard,Hozier,2024-03-22,251424,80,False,,Rubyworks / Universal-Island Records Ltd.,0.741,0.62,-5.505,1,0.0412,0.0295,0.000809,0.0398,0.934,117.038,4,2024
spotify:track:7fzHQizxTqy8wTXwlrgPQQ,MILLION DOLLAR BABY,MILLION DOLLAR BABY,Tommy Richman,2024-04-26,155151,16,False,,ISO Supremacy. Under exclusive license to PULSE Records.,0.849,0.699,-5.106,0,0.0436,0.0982,0.000215,0.068,0.927,138.003,4,2024
spotify:track:629DixmZGHc7ILtEntuiWE,LUNCH,HIT ME HARD AND SOFT,Billie Eilish,2024-05-17,179586,87,False,,Darkroom/Interscope Records,0.893,0.4,-7.981,0,0.0643,0.0452,0.0823,0.0632,0.945,124.987,4,2024
spotify:track:6XjDF6nds4DE2BBbagZol6,Gata Only,Gata Only,"FloyyMenor,Cris MJ",2024-02-02,222000,89,True,"reggaeton chileno,chilean trap,chilean mambo,reggaeton",FloyyMenor under exclusive license to UnitedMasters LLC,0.791,0.499,-8.472,0,0.0509,0.446,2.41e-05,0.0899,0.669,99.986,4,2024
spotify:track:7CyPwkp0oE8Ro9Dd5CUDjW,One Of The Girls (with JENNIE Lily Rose Depp),The Idol Episode 4 (Music from the HBO Original Series),"The Weeknd,JENNIE,Lily-Rose Depp",2023-06-23,244684,94,False,k-pop,XO / Republic Records,0.264,0.64,-6.221,1,0.0442,0.0393,2.31e-06,0.151,0.19,84.828,4,2024
spotify:track:3WOhcATHxK2SLNeP5W3v1v,Guess featuring billie eilish,Guess featuring billie eilish,"Charli xcx,Billie Eilish",2024-08-01,143330,81,False,"hyperpop,art pop",Atlantic Records,0.776,0.667,-6.622,1,0.0983,0.0146,0.3,0.0761,0.618,130.019,4,2024
spotify:track:4xdBrk0nFZaP54vvZj0yx7,HOT TO GO!,The Rise and Fall of a Midwest Princess,Chappell Roan,2023-09-22,184841,82,False,,Chappell Roan PS/ Island,0.742,0.757,-4.981,1,0.0421,0.0187,0.0,0.305,0.957,139.982,4,2024
spotify:track:7ne4VBA60CxGM75vw0EYad,That’s So True,The Secret of Us (Deluxe),Gracie Abrams,2024-10-18,166300,96,True,,"Gracie Abrams, under exclusive license to Interscope Records",0.554,0.808,-4.169,1,0.0368,0.214,0.0,0.159,0.372,108.548,4,2024
spotify:track:4q5YezDOIPcoLr8R81x9qy,I Can Do It With a Broken Heart,THE TORTURED POETS DEPARTMENT,Taylor Swift,2024-04-18,218004,82,True,,Taylor Swift,0.701,0.751,-8.39,1,0.0502,0.123,0.0,0.15,0.22,129.994,4,2024
spotify:track:1Es7AUAhQvapIcoh3qMKDL,Timeless (feat. Playboi Carti),Timeless,"The Weeknd,Playboi Carti",2024-09-27,256000,51,True,rage rap,XO / Republic Records,0.769,0.722,-5.485,0,0.0507,0.0584,2.56e-06,0.111,0.57,119.973,4,2024
spotify:track:2tudvzsrR56uom6smgOcSf,Like That,WE DON'T TRUST YOU,"Future,Metro Boomin,Kendrick Lamar",2024-03-22,267706,87,True,"rap,hip hop,west coast hip hop",Wilburn Holding Co./Boominati/Epic/Republic,0.814,0.676,-4.67,0,0.231,0.00709,1.28e-05,0.119,0.312,162.012,4,2024
spotify:track:1QoyuMHNBe7lg3YW4Qtll4,St. Chroma (feat. Daniel Caesar),CHROMAKOPIA,"Tyler The Creator,Daniel Caesar",2024-10-28,197019,81,True,,Columbia,0.576,0.884,-5.058,1,0.555,0.357,0.0,0.368,0.373,150.45,4,2024
spotify:track:2KslE17cAJNHTsI2MI0jb2,Standing Next to You,GOLDEN,Jung Kook,2023-11-03,206019,85,False,k-pop,BIGHIT MUSIC,0.711,0.809,-4.389,0,0.0955,0.0447,0.0,0.339,0.816,106.017,4,2024
spotify:track:7tI8dRuH2Yc6RuoTjxo4dU,Who,MUSE,Jimin,2024-07-19,170887,90,False,k-pop,BIGHIT MUSIC,0.66,0.756,-3.743,0,0.032,0.00289,0.0,0.193,0.838,116.034,4,2024
spotify:track:1bjeWoagtHmUKputLVyDxQ,Saturn,Saturn,SZA,2024-02-22,186191,83,False,r&b,Top Dawg Entertainment/RCA Records,0.411,0.619,-6.834,1,0.0368,0.62,0.0,0.11,0.337,177.937,4,2024
spotify:track:3QaPy1KgI7nu9FJEQUgn6h,WILDFLOWER,HIT ME HARD AND SOFT,Billie Eilish,2024-05-17,261466,96,False,,Darkroom/Interscope Records,0.467,0.247,-12.002,0,0.0431,0.612,0.000271,0.17,0.126,148.101,4,2024
spotify:track:2FQrifJ1N335Ljm3TjTVVf,A Bar Song (Tipsy),A Bar Song (Tipsy),Shaboozey,2024-04-12,171291,88,True,,American Dogwood / EMPIRE,0.722,0.709,-4.95,1,0.0273,0.0633,0.0,0.0804,0.604,81.012,4,2024
spotify:track:3h5TiWTqGxjSjFrbruPFH9,Praise Jah In The Moonlight,Praise Jah In The Moonlight,YG Marley,2023-12-27,263040,78,False,,YG Marley Music,0.66,0.727,-4.028,0,0.0441,0.128,1.31e-05,0.524,0.418,125.023,4,2024
spotify:track:0R6NfOiLzLj4O5VbYSJAjf,La Diabla,La Diabla,Xavi,2023-11-30,172264,78,False,"corridos tumbados,corrido,corridos bélicos,sad sierreño,música mexicana,banda",Interscope Records,0.751,0.819,-4.372,0,0.0409,0.255,0.0,0.236,0.697,131.842,3,2024
spotify:track:05WVKTdZhlIMX4qqMLuo0f,BELLAKEO,BELLAKEO,"Peso Pluma,Anitta",2023-12-07,197333,76,True,"corrido,corridos tumbados,corridos bélicos,música mexicana,sad sierreño,banda,electro corridos,brazilian pop,funk pop,funk carioca,funk,pagode baiano",Double P Records,0.72,0.88,-2.834,1,0.101,0.0562,0.06,0.153,0.463,180.011,4,2024
spotify:track:4w2GLmK2wnioVnb5CPQeex,360,BRAT,Charli xcx,2024-06-07,133805,83,True,"hyperpop,art pop",Atlantic Records,0.857,0.62,-8.13,1,0.0472,0.646,0.244,0.0934,0.796,120.042,4,2024
spotify:track:2CGNAOSuO1MEFCbBRgUzjd,luther (with sza),GNX,"Kendrick Lamar,SZA",2024-11-21,177598,91,False,"hip hop,west coast hip hop,r&b","pgLang, under exclusive license to Interscope Records",0.707,0.575,-7.546,1,0.125,0.251,0.0,0.248,0.576,138.008,4,2024
spotify:track:52eIcoLUM25zbQupAZYoFh,redrum,american dream,21 Savage,2024-01-12,270697,83,True,,"Slaughter Gang, LLC/Epic Records",0.625,0.733,-8.757,1,0.0488,0.00598,0.000983,0.375,0.244,172.09,4,2024
spotify:track:3w0w2T288dec0mgeZZqoNN,CARNIVAL,VULTURES 1,"¥$,Kanye West,Ty Dolla $ign,Rich The Kid,Playboi Carti",2024-02-09,264324,22,True,"rap,trap soul,trap,rage rap",Ye,0.594,0.811,-5.746,1,0.159,0.189,0.0,0.339,0.311,148.144,4,2024
spotify:track:0xGQTpN4ESETtl1Sp6rzd2,São Paulo (feat. Anitta),São Paulo,"The Weeknd,Anitta",2024-10-31,301623,44,True,"brazilian pop,funk pop,funk carioca,funk,pagode baiano",XO / Republic Records,0.574,0.659,-7.377,0,0.0768,0.0412,0.0002,0.0921,0.506,127.347,4,2024
spotify:track:6tNgRQ0K2NYZ0Rb9l9DzL8,obsessed,GUTS (spilled),Olivia Rodrigo,2024-03-22,170541,79,True,,Olivia Rodrigo PS,0.68,0.581,-5.166,1,0.106,0.0181,1.07e-06,0.276,0.63,119.974,4,2024
spotify:track:0Lmbke3KNVFXtoH2mMSHCw,the boy is mine,eternal sunshine,Ariana Grande,2024-03-08,173639,83,True,pop,Republic Records,0.795,0.63,-5.854,0,0.0434,0.157,0.0,0.0732,0.447,97.998,4,2024
spotify:track:1UHS8Rf6h5Ar3CDWRd3wjF,Bed Chem,Short n' Sweet,Sabrina Carpenter,2024-08-23,171869,88,False,,Island Records,0.739,0.727,-5.968,0,0.0426,0.0678,0.0,0.104,0.676,94.99,4,2024
spotify:track:2PnlsTsOTLE5jnBnNe2K0A,The Emptiness Machine,The Emptiness Machine,Linkin Park,2024-09-05,190427,82,True,"nu metal,rap metal,rock,alternative metal",Warner Records,0.466,0.872,-3.344,1,0.0336,0.0156,0.0,0.121,0.806,184.115,4,2024
spotify:track:2HYFX63wP3otVIvopRS99Z,Houdini,Houdini,Eminem,2024-05-31,227239,80,True,"rap,hip hop",Shady/Aftermath/Interscope Records,0.936,0.887,-2.76,0,0.0683,0.0292,1.88e-06,0.0582,0.889,127.003,4,2024
spotify:track:5aIVCx5tnk0ntmdiinnYvw,Water,Water,Tyla,2023-07-28,200255,87,False,afrobeats,FAX Records/Epic,0.673,0.722,-3.495,0,0.0755,0.0856,0.0,0.137,0.519,117.187,4,2024
